{
    "mean": [
        105.19871149118501,
        95.55921563451548
    ],
    "scale": [
        39.09460234705887,
        2.698523320035014
    ]
}