{
    "mean": [
        91.00854700854701,
        10.708333333333334
    ],
    "scale": [
        1.1360128693123102,
        0.6519816931518309
    ]
}