{"mean": [87.29548849716164, 97.7131759784882], "scale": [6.98067591529154, 1.8107873930352019]}