{
    "mean": [
        93.02073732718894,
        14.99020737327189
    ],
    "scale": [
        23.4006781068814,
        9.679106361487943
    ]
}